TGTGCCAGCAGGCTACCTGGGGAGACCCAGTACTTC	9.06820495424e-11	CASRLPGETQYF	3.65588063427e-08
TGTGCCAGCAGCTCCAACAGGGGGCGGCAACGGATGAGAAACACCATATATTTT	7.45486397542e-18	CASSSNRGRQRMRNTIYF	5.48943473825e-15
TGTGCCAGCAGCGTAGAGGGGACCAACGAACTCTACGAGCAGTACTTC	8.95886502061e-15	CASSVEGTNELYEQYF	1.29522962918e-12
TGTGCCAGCCGGAGTCTCTACGAGCAGTACTTC	1.00490168563e-09	CASRSLYEQYF	2.25022359774e-07
TGCGCCAGCAGCTTGCCCTGGACAGATACGCAGTATTTT	9.96097253756e-10	CASSLPWTDTQYF	2.03361619265e-08
TGTGCCAGCAGCTTACCGGACTCCTGTAGCTCCTACAATGAGCAGTTCTTC	1.12871592447e-12	CASSLPDSCSSYNEQFF	2.49046096158e-10
TGCGCCAGCAGCCAAGACGGGACTCCCTACAATGAGCAGTTCTTC	2.26165409696e-10	CASSQDGTPYNEQFF	1.05187685031e-08
TGTGCCAGATTTCCACCGGGACAGGGCGTGAGCAATCAGCCCCAGCATTTT	5.76288420679e-15	CARFPPGQGVSNQPQHF	1.61195105471e-11
TGTGCCAGCATAGTTAGGGGGAAGGCGGCCAATGAGCAGTTCTTC	1.00459981051e-15	CASIVRGKAANEQFF	5.73329317522e-13
TGTGCCAGCAGCCAAGAAGCGACTCAAAATGAGCAGTTCTTC	2.13366054173e-12	CASSQEATQNEQFF	1.8008674434e-10
TGTGCCAGCTCCCCTGGGACTAGCGGTTGGGAGACCCAGTACTTC	7.90323358152e-13	CASSPGTSGWETQYF	8.64664259447e-09
TGTGCCATGGTCCGAGGGGGGGGCCTGCATGAGCAGTTCTTC	1.6532613853e-15	CAMVRGGGLHEQFF	1.60123847459e-12
TGTGCCACCAGAAGTCTAGACGAGCAGTACTTC	7.79595518563e-11	CATRSLDEQYF	5.58002465207e-09
TGTGCCAGCAGCTCCAGGAACGAGCAGTACTTC	2.14084446784e-08	CASSSRNEQYF	4.4813112478e-07
TGTGCCAGCAGTCCTTTTGGCCCGGGACAGGCGGGCTACACCTTC	1.0461811522e-14	CASSPFGPGQAGYTF	2.13536999552e-11
TGTGCCAGCACTCTACCGTGGATCGGCCGGACCGGGGAGCTGTTTTTT	7.40883142951e-18	CASTLPWIGRTGELFF	1.62538708547e-13
TGTGCCAGCAGCCCCGTGAGCGGGGAGCTGTTTTTT	5.31437538171e-10	CASSPVSGELFF	5.45090180583e-08
TGTGCCACCAGTGATTTATTGGACTGGGGGGGGACAGGGCGCGAGCAGTACTTC	4.51853709362e-18	CATSDLLDWGGTGREQYF	9.28260606061e-15
TGTGCTAGTGGTTTGGTAGGTCCGACTAGCCCATGGTACAATGAGCAGTTCTTC	8.72170760337e-16	CASGLVGPTSPWYNEQFF	8.96569122759e-14
TGTGCCAGCAGCCGGGTGGGGTACGAGCAGTACTTC	8.12306259165e-09	CASSRVGYEQYF	5.34005129006e-07
TGTGCCAGCAGCTGGGGGCGTGCAACTAATGAAAAACTGTTTTTT	3.33936794988e-09	CASSWGRATNEKLFF	6.74162578032e-08
TGTGCCACCAGTGCACAGGGCCAGGGTCTGGACGAGCAGTACTTC	3.36335416992e-15	CATSAQGQGLDEQYF	4.16074799523e-11
TGTGCCAGCATATGGAGAGAGACCCAGTACTTC	9.43712468089e-10	CASIWRETQYF	1.47809932909e-08
TGTGCCAGCAGTTTATGCTACCGGACTAGCGGCAATGAGCAGTTCTTC	2.57194053908e-12	CASSLCYRTSGNEQFF	8.74748185205e-11
TGTGCCAGCAGTTTACCTGAAGGGCCTCAACGGAACTACGAGCAGTACTTC	4.43447111458e-17	CASSLPEGPQRNYEQYF	1.29241092826e-12
TGTGCCAGCAGCCAAGACGGGGTAGGGACTCTCAATGAGCAGTTCTTC	6.2477358689e-14	CASSQDGVGTLNEQFF	5.07225907438e-11
TGTGCCAGCGCCAGGGCAATAGTGGGCGTCTCCTACGAGCAGTACTTC	3.05842891816e-17	CASARAIVGVSYEQYF	1.37924193659e-13
TGTGCCAGCAGCTTAGCGAGCTTTCGCCCTCTAGCGGGATATGTGGCCTACGAGCAGTACTTC	1.40094987745e-21	CASSLASFRPLAGYVAYEQYF	1.38282562529e-16
TGTGCCAGCAGCGACCGACAATGTGCGCAGTACTTC	2.44139662885e-14	CASSDRQCAQYF	3.97362863033e-11
TGTGCCTGGAGTGGGGAGTCCAGGACTACGAGGGGTGCTTTCTTT	5.60030727749e-20	CAWSGESRTTRGAFF	1.84375490887e-15
TGCAGTGCTAGCAAGGGAAAACGTTGTGACACAGATACGCAGTATTTT	5.39740527604e-17	CSASKGKRCDTDTQYF	4.79423140738e-14
TGTGCCAGCAGCTTAGCCTCACAGCCCCAGCATTTT	2.30008938202e-09	CASSLASQPQHF	1.81979334309e-07
TGTGCCCCGTCGGGACAGGGGCAGCCCCAGCATTTT	5.92632438112e-11	CAPSGQGQPQHF	2.88712203353e-09
TGTGCCAGCAGCGGTCGGAAGGCTGGGGCCAACGTCCTGACTTTC	8.4130397074e-11	CASSGRKAGANVLTF	6.61482265572e-09
TGCAGCGTGTGGGACAATGAGCAGTTCTTC	8.7743097598e-10	CSVWDNEQFF	7.23214771691e-09
TGTGCCAGCAGAAGCGGACAGAGGGCCAAAAACATTCAGTACTTC	1.24176186485e-11	CASRSGQRAKNIQYF	2.0388157992e-09
TGTGCCAGCAGTTACTCGGACACCCTAGGAAATAAGGCTTTCTTT	9.90028693589e-18	CASSYSDTLGNKAFF	4.12556571481e-14
TGTGCCTGGAGTGTCCAAGGGGGGTTTAAGGAGCAGTACTTC	1.8159453206e-14	CAWSVQGGFKEQYF	6.04983468428e-12
TGTGCCAGCCGATTGACAGGGGGGGGCACTGAAGCTTTCTTT	5.94977637689e-12	CASRLTGGGTEAFF	1.0786693248e-08
TGTGCCTGGAATGGGGGTAATGGCTACACCTTC	7.72871722959e-11	CAWNGGNGYTF	1.70176673338e-09
TGCAGTGCTAGACCACAGGGGTCCGAGCAGTACTTC	1.98150780136e-10	CSARPQGSEQYF	5.8667409252e-09
TGTGCCAGGGGGACTAGCGGGGGGGCCATGGGGGCCAATGAGCAGTTCTTC	4.21406441043e-14	CARGTSGGAMGANEQFF	4.58025141021e-13
TGTGCTTTAGGATCGATCGCCAGGGTTGAAGCTTTCTTT	2.08920450916e-19	CALGSIARVEAFF	2.06244980098e-14
TGTGCCAGCGCTCTAGCGCGGTACTTC	2.75214352434e-12	CASALARYF	3.8964594788e-10
TGTGCCAGTAGTATACCCGGGGGGGGAGTAATAAGTACAGATACGCAGTATTTT	4.30631997091e-17	CASSIPGGGVISTDTQYF	1.24661913507e-11
TGTGCCAGCAGTGCCCGGGACATGGTGTCCTACGAGCAGTACTTC	4.97825788499e-12	CASSARDMVSYEQYF	3.73176998885e-10
TGCAGTGCTAGAGGACCAGCTCAAGGGAGAATAAGCAAAAACATTCAGTACTTC	5.7077302246e-20	CSARGPAQGRISKNIQYF	1.65478596271e-14
TGTGCCAGCGGAAAGGGGGTTGATCAGCCCCAGCATTTT	2.23543173823e-11	CASGKGVDQPQHF	1.62220744596e-09
TGTGCCAGACCAGGAAAATCACAGGGGGCGCCTAGCACAGATACGCAGTATTTT	9.87462137871e-18	CARPGKSQGAPSTDTQYF	1.10390208564e-14
TGTGCCAGCAGTGAAACTGGTAGCAGCTCCTACAATGAGCAGTTCTTC	3.03127423544e-12	CASSETGSSSYNEQFF	9.61498126301e-09
TGTGCCAGCAGCCATACGTCCCGGCCGGGACTAGCGGGAGGACCGCAGTTCTTC	6.5630443751e-18	CASSHTSRPGLAGGPQFF	1.57924932694e-14
TGTGCCTTGCACCCGGGGTCAGATACGCAGTATTTT	4.00516213175e-13	CALHPGSDTQYF	5.70166026327e-11
TGTGCCAGCAGCTCCCTACCAGACGCTTCCTCTGAAGCTTTCTTT	3.45141087025e-16	CASSSLPDASSEAFF	1.55475044805e-12
TGTGCCACCAGCAGAGATCCCGACCACCGGGAAGCTAACACCGGGGAGCTGTTTTTT	4.4551996647e-17	CATSRDPDHREANTGELFF	2.99625788149e-13
TGTGCCAGCTCATGTGACTTACCTGATACGCAGTATTTT	1.07676347393e-14	CASSCDLPDTQYF	1.48246063145e-09
TGTGCCAGCAGTTACCCCCAGGGAGGGCGACGAGAGTACTTC	8.22395391151e-16	CASSYPQGGRREYF	5.59012394195e-12
TGTGCCAGCGTTTGTGGACAGGGGGCAGCCCCTTTAGCCTTAGGCTACACCTTC	9.42261643707e-23	CASVCGQGAAPLALGYTF	5.22799384956e-18
TGTGCCAGCAGCGACCCCCCCGGGACTAGCGATTCCCCCTCCTACAATGAGCAGTTCTTC	9.74861618736e-16	CASSDPPGTSDSPSYNEQFF	1.7748984867e-13
TGTGCCACCAGCAGATTGAACGTTCCGACTAGAGACTACGAGCAGTACTTC	1.13775926772e-17	CATSRLNVPTRDYEQYF	9.79011964537e-15
TGCGCCAGCAGTGCGACTAGCGGCGAGGTCACCGGGGAGCTGTTTTTT	1.45854677651e-13	CASSATSGEVTGELFF	3.59200186485e-10
TGCGCCAGCAGCCATACAGGGCGCAATGAGCAGTTCTTC	1.08356406645e-10	CASSHTGRNEQFF	1.40966330217e-08
TGCGCCAGCAGCTTGCCCTTTAGACCGCAGCCGGGCATGAACACTGAAGCTTTCTTT	2.33482652203e-18	CASSLPFRPQPGMNTEAFF	6.18395772011e-14
TGTGCCAGCAGCGAGCATCGGCTACTTGAGTATAGCAATCAGCCCCAGCATTTT	9.62574633861e-17	CASSEHRLLEYSNQPQHF	2.03276353241e-12
TGTGCCATCGAAAAGCTAGGTGCCGGGGAGCTGTTTTTT	3.15309419283e-14	CAIEKLGAGELFF	9.00750528428e-12
TGTGCCAGCAGCCTAGCGGGATTCGTCGAGACCCAGTACTTC	1.67085231058e-11	CASSLAGFVETQYF	4.19241906492e-09
TGCGCCAGCAGCCAAGGTAATCAGCCCCAGCATTTT	3.77323912333e-09	CASSQGNQPQHF	2.5316355761e-06
TGTGCCAGCACAGATGGGACAGGGGGCAGGTTTGAAAAACTGTTTTTT	1.93557506515e-14	CASTDGTGGRFEKLFF	3.85282894524e-12
TGTGCCAGCAGCCCATCCCAAACAGGGGACGCCCCTAGCAATCAGCCCCAGCATTTT	9.4949569184e-17	CASSPSQTGDAPSNQPQHF	1.43263908581e-13
TGTGCCAGCAGTAAGACTAGCGGAACGAGCTCCTACAATGAGCAGTTCTTC	1.69011442786e-11	CASSKTSGTSSYNEQFF	3.68993340039e-09
TGTGCCGATTCCCCGGACACTACCTACGAGCAGTACTTC	4.21971237799e-14	CADSPDTTYEQYF	3.17654743209e-12
TGTGCCAGCAGCTACTTGGGGGGGAACACTGAAGCTTTCTTT	1.1171108843e-09	CASSYLGGNTEAFF	1.12420808692e-07
TGCAGTGCTATACGGCGGGACGATACGCAGTATTTT	2.84071925436e-12	CSAIRRDDTQYF	3.65327087715e-10
TGTGCCAGCAGCTTAGGGCCTGGACACCACACTGAAGCTTTCTTT	4.8485048687e-12	CASSLGPGHHTEAFF	4.45358248538e-09
TGTGCCAGCAGTTTTGCAGGGGTCACAGATACGCAGTATTTT	4.49689939745e-10	CASSFAGVTDTQYF	2.78457893166e-08
TGTGCCAGCAGCAAGGACATATGGCAGGGGGAGACCCAGTACTTC	1.04400276499e-14	CASSKDIWQGETQYF	7.30035296023e-13
TGCGCCAGCCCATTACGCGTCACCGGGGAGCTGTTTTTT	1.71957891475e-13	CASPLRVTGELFF	2.81074165662e-09
TGTGCCAGCAGCTTGGCCTTCAGGGGCCATGAAAAACTGTTTTTT	1.24649980643e-11	CASSLAFRGHEKLFF	1.47960491092e-09
TGTGCCAGCAGCATCAGGGCGATAAACAAAAACATTCAGTACTTC	2.53969877483e-13	CASSIRAINKNIQYF	2.30073391156e-11
TGCGCTGCACCAACCAGGGGCGACTACGAGCAGTACTTC	1.00197765773e-16	CAAPTRGDYEQYF	5.48277225962e-11
TGCGCCAGCAGCCAGCCCTCCCCCGGGACAGACGATGAGCAGTTCTTC	5.17941992789e-15	CASSQPSPGTDDEQFF	2.47443085402e-12
TGTGCCAGCAGTGGCCTTCCCGGGACAGGGTGGGGGGTGGGAGGAAACACCATATATTTT	4.40881762512e-18	CASSGLPGTGWGVGGNTIYF	1.22486394541e-14
TGTGCCAATCAAGCCCGGGACGTTCAGGATTCCCGCAATCAGCCCCAGCATTTT	5.53520174919e-21	CANQARDVQDSRNQPQHF	5.05475874738e-18
TGTGCCAGCAGCCCAAGGGAAAAACTGTTTTTT	1.05127628483e-08	CASSPREKLFF	4.74571599751e-07
TGTGCCAGCTCACCCGTCTCGGAGAGCGGGGAGCTGTTTTTT	1.26965445692e-13	CASSPVSESGELFF	3.60428504172e-10
TGTGCCAGCGAGGCCCGGGACAGGGGGATCTACGAGCAGTACTTC	4.8527477964e-12	CASEARDRGIYEQYF	6.58554811516e-11
TGTGCCCGGACAGTTAATGAAAAACTGTTTTTT	8.93023796697e-10	CARTVNEKLFF	2.95006805978e-08
TGTGCCAGCAGCCCTCTGAACAGGGGGGATCAGCCCCAGCATTTT	1.08617729705e-11	CASSPLNRGDQPQHF	2.36522544721e-09
TGTGCCAGCAGACAGGGGTGTGAAAAACTGTTTTTT	7.20687052866e-09	CASRQGCEKLFF	4.07715512898e-08
TGTGCCAGCAGCTTAGGGGCGGGAGCGAACACAGATACGCAGTATTTT	3.63800500961e-11	CASSLGAGANTDTQYF	1.79077482562e-09
TGTGCCAGCAGGGCGACGGGCGGGGAGCTGTTTTTT	4.01190532715e-10	CASRATGGELFF	1.37038667719e-08
TGTGCCTGGGGCCGAACTCCGGGACAGGGGCACTTGCGCGCCAAAAACATTCAGTACTTC	5.27128856152e-22	CAWGRTPGQGHLRAKNIQYF	7.44035521592e-17
TGTGCCAGCAGTTACTCATGGAGTGCGAGGGCCTTGGAGACCCAGTACTTC	1.00338500447e-17	CASSYSWSARALETQYF	2.2620339246e-13
TGTGCCAGTAGTGCCGATGGAGGGCACCCGGGGGGCTACACCTTC	1.05546533885e-17	CASSADGGHPGGYTF	1.56877567145e-12
TGTGCCAGCAGCTTAGCGGGGACCCAGTACTTC	2.04822410825e-08	CASSLAGTQYF	4.3270823982e-07
TGTGCCAGCAGGACGGCTATGACAAACACCATATATTTT	1.4995177237e-13	CASRTAMTNTIYF	1.04564495147e-11
TGTGCTAGCAGCTTGGAGGGGGCGGGTCGTAGTCTGCCCCAGCATTTT	3.41110660216e-19	CASSLEGAGRSLPQHF	1.95234305694e-12
TGTGCCAGCAGCCAACTCCCAGTGGGGCTAAAAGAGCAGTACTTC	4.05614170753e-16	CASSQLPVGLKEQYF	8.12360389395e-13
TGTGCCAGCAGTGTACTAGATGAGCAGTTCTTC	6.53110154776e-09	CASSVLDEQFF	1.47726458185e-07
TGCGCCAGCAGCCAAGCCCCTCGCCGTCGTCTGGTCATTAACTATGGCTACACCTTC	6.50439340998e-21	CASSQAPRRRLVINYGYTF	1.3973333254e-14
TGTGCCAGCACCATACCGACGTTCTTC	2.26277819919e-13	CASTIPTFF	1.12788188666e-10
TGTGCCAGCAGCGAGCCGACTAGCGTGGATGAGCAGTTCTTC	5.37342023639e-12	CASSEPTSVDEQFF	4.47307303319e-10
TGCGCCAGCAGCCCATACCCAAGGGGGCTACTAGCCAAAAACATTCAGTACTTC	1.48752277929e-15	CASSPYPRGLLAKNIQYF	3.53653983052e-11
TGTGCCAGCAGTTGGGACGAAATCTATGGCTACACCTTC	1.35959642983e-10	CASSWDEIYGYTF	1.33775728215e-09
TGTGCCATGGGGGGGCAGGGGAGGGTCACCGGGGAGCTGTTTTTT	5.12434197787e-14	CAMGGQGRVTGELFF	1.21062232569e-11
TGTGCCAGCAGCCAAAACCCGGGACTAGGGAAAGAGACCCAGTACTTC	1.00793791677e-11	CASSQNPGLGKETQYF	1.31210576952e-10
TGCAGTGCTAGAGATCCTCGTAGGGATACGCAGTATTTT	1.83729562893e-11	CSARDPRRDTQYF	7.62332003628e-09
TGTGCCAGCAGCCAGTCCGGGGCGTACTTC	3.89600549883e-11	CASSQSGAYF	2.93980071304e-09
TGTGCCAGCAGTTTACTGGGCGGCAATCAGCCCCAGCATTTT	5.52354129576e-10	CASSLLGGNQPQHF	3.66994902233e-07
TGCCAAACGGGCACTGAAGCTTTCTTT	3.9194740089e-11	CQTGTEAFF	5.53965796461e-09
TGCGCCAGCAGCTCCTGGGGGGTATCCTACAATGAGCAGTTCTTC	4.56841802787e-11	CASSSWGVSYNEQFF	1.12226341699e-08
TGTGCCAGCAGCTTAGACTGGACCTACGAGCAGTACTTC	6.97522320595e-09	CASSLDWTYEQYF	4.12304041795e-08
TGTGCCAGCCCGGGGGGGCCACGTCACTACGAGCAGTACTTC	1.47149488028e-12	CASPGGPRHYEQYF	3.6319414518e-10
TGTGCCAGCAGCGTCTGTGCCAGGGGCTCCAGCGAGCAGTACTTC	6.63537434008e-16	CASSVCARGSSEQYF	2.31145969158e-12
TGTGCCAGTAGTCCCCGGGACAGGGCAGATACGCAGTATTTT	8.18362426343e-10	CASSPRDRADTQYF	9.85988637885e-08
TGCAGTGCTAGCGGAACCGGGCCGAGGGAAAAACTGTTTTTT	2.79548998166e-14	CSASGTGPREKLFF	4.46741516742e-10
TGCAGTGCTAAGGGCCCTTGTCAAGAGACCCAGTACTTC	3.74918662758e-12	CSAKGPCQETQYF	5.09377832072e-10
TGTGCCAGCAGCAGGGGACAGGGGGACTCCTACAATGAGCAGTTCTTC	6.01110171024e-10	CASSRGQGDSYNEQFF	8.68833443908e-09
TGTGCCTGGAGTAGGGGACAGGGGGGGACCTACGAGCAGTACTTC	3.82164000926e-11	CAWSRGQGGTYEQYF	6.76222346518e-10
TGTGCCAGCGGGCCCACGCTAGCCAAAAACATTCAGTACTTC	4.04350159783e-11	CASGPTLAKNIQYF	3.36750795674e-09
TGTGCCAGCAGTGATCACGTGACCTACGAGCAGTACTTC	7.11935696436e-11	CASSDHVTYEQYF	2.94324943001e-09
TGTGCCAGCAGCTTGAGGGGTTTAAGAAACTATGGCTACACCTTC	2.42855080416e-12	CASSLRGLRNYGYTF	1.33160965951e-08
TGTGCCATCACCCCGGGACTAGCAGTCCGGGATACGCAGTATTTT	1.43654984037e-14	CAITPGLAVRDTQYF	3.86466618746e-11
TGTGCCAGCAGGCGGCATAGCGGGCAGGACAATGAGCAGTTCTTC	2.77915487231e-13	CASRRHSGQDNEQFF	1.95316060865e-11
TGCAGTGCTTTCGTCGTTCGGGGTAGGAACACCGGGGAGCTGTTTTTT	5.33351066472e-16	CSAFVVRGRNTGELFF	2.00139985509e-12
TGCGCCAGCAGCTACCAAGTTAGGGGGACTGAAGCTTTCTTT	3.82677183154e-13	CASSYQVRGTEAFF	1.85536144251e-09
TGCGCCAGCAGCCCGAACAATGAGGACAGGGGGAACACTGAAGCTTTCTTT	8.37392498609e-15	CASSPNNEDRGNTEAFF	4.06898882328e-12
TGTGCCAGCAGTTTACAGCCCCCGAACGCCTACGAGCAGTACTTC	2.91450815874e-13	CASSLQPPNAYEQYF	5.17571238941e-11
TGCAGCGTTACGGGCGTAATGGACTATGGCTACACCTTC	2.57246897955e-14	CSVTGVMDYGYTF	2.83586714781e-11
TGCAGTGCTAGGAGGGGACAGGGGATCTATGGCTACACCTTC	7.36344980993e-11	CSARRGQGIYGYTF	1.90278694455e-09
TGTGCCAGCAGGTCGTCCTCAAATTTCAGGGGCCACGGTCACAACACTGAAGCTTTCTTT	3.74604401052e-24	CASRSSSNFRGHGHNTEAFF	9.98227316858e-19
TGTGCCAGCAGGAACAGGGGAAAACTGTTTTTT	2.29149500356e-09	CASRNRGKLFF	1.21728008487e-08
TGTGCCAGCAGCGCCTTGCCGAGAGACACTGAAGCTTTCTTT	8.48671569241e-13	CASSALPRDTEAFF	2.90579063013e-09
TGTGCCAGCAGCTTAAAAAGGGGGCGGGAAGAGACCCAGTACTTC	9.78417601767e-11	CASSLKRGREETQYF	5.62783328779e-09
TGTGCCAGCAGCTTAGACGGAACGCAGTATTTT	4.85753747123e-10	CASSLDGTQYF	6.03434777004e-08
TGTGCCAGCAGCGACCAGATCGGTAAGACACGTGAGCAGTTCTTC	1.21702064138e-17	CASSDQIGKTREQFF	8.76148374085e-14
TGTGCCAGCAGTTTAGGTCTAGCGGGCTGGTCCTACAATGAGCAGTTCTTC	6.50297823407e-12	CASSLGLAGWSYNEQFF	7.58880092209e-09
TGTGCCTATGGACAGAGCGTTAGCGAGCAGTACTTC	6.88795187544e-15	CAYGQSVSEQYF	1.43167613798e-12
TGTGCCAGCAGTGACATGGAGAGTTTCGTGAACACTGAAGCTTTCTTT	2.21120254246e-14	CASSDMESFVNTEAFF	6.25389237022e-13
TGTGCCAGCAGTGAACCGGGGGGGGGCAATCAGCCCCAGCATTTT	1.95055259523e-09	CASSEPGGGNQPQHF	5.66713745497e-08
TGTGCCTGGGGAGGAAGGAGGTACGAGCAGTACTTC	3.66925467478e-12	CAWGGRRYEQYF	5.4125569712e-09
TGCGCCAGCAGCCATGTTGTGGAGGGGAAGTATGGCTACACCTTC	4.19293180413e-15	CASSHVVEGKYGYTF	2.44869092201e-12
TGTGCCAGCAGCCTAACCAGGAGATTTATCGAGCAGTACTTC	1.09358929226e-14	CASSLTRRFIEQYF	5.79899455266e-11
TGTGCCAGCAGTGAACGGGGGCAAACCGGGGAGCTGTTTTTT	1.97032979306e-10	CASSERGQTGELFF	1.40918206062e-08
TGTGCCAGCGACCAAGACAGGGTGGTCGAGCAGTACTTC	4.74030497792e-13	CASDQDRVVEQYF	1.77858331187e-11
TGTGCCAGCAGCGTACGGGCAGGGCGGACACGAGGAGGAGCTTTCTTT	3.13334097248e-19	CASSVRAGRTRGGAFF	4.18883659402e-14
TGCATGACAGGGAATAATGAAAAACTGTTTTTT	1.02835666171e-10	CMTGNNEKLFF	2.63115980418e-10
TGCAGCGTTGGATGCGCCACTCGCCACAGGGGGAACACCGGGGAGCTGTTTTTT	1.01845751839e-19	CSVGCATRHRGNTGELFF	3.91877200197e-16
TGTGCCAGCGCGGGAGTCTCCAATCAAGAGACCCAGTACTTC	1.85602489375e-13	CASAGVSNQETQYF	9.45646110945e-11
TGTGCCAGCAGCTTAGAGGATGGGACAGGGACTGAACGGCCCCAGCATTTT	1.4162597765e-16	CASSLEDGTGTERPQHF	1.14816480687e-13
TGTGCCAGCAGATTGAAGGGTGCTTCGTTGACCCCGTACGAGCAGTACTTC	5.8911247443e-21	CASRLKGASLTPYEQYF	9.54594919445e-14
TGCGCCAGCAGCTTTTCAGGAGGCTACGAGCAGTACTTC	3.38847740574e-10	CASSFSGGYEQYF	4.28039585242e-07
TGTGCCAGCAGCGACAGGGCTTACACTGAAGCTTTCTTT	1.05929924842e-08	CASSDRAYTEAFF	8.56174293873e-08
TGTGCCAGAGTTAAAATGGGGTCCGGGTACGAGCAGTACTTC	7.82596665793e-16	CARVKMGSGYEQYF	1.07943007789e-12
TGTGCCAGCAGCCCGACTGACAGTGTCGATGGCTACACCTTC	1.12616707602e-13	CASSPTDSVDGYTF	1.53797939796e-10
TGTGCCAGCAGTTTAATGCTGCCTGGGCAAGAGACCCAGTACTTC	1.58557093169e-13	CASSLMLPGQETQYF	3.63263553986e-10
TGTGCCAGCAGTTACCCGGGACAGGGGAATCAGCCCCAGCATTTT	1.56560629256e-08	CASSYPGQGNQPQHF	1.62504363117e-07
TGCGCCAGCAAGTCTGATAAACGGGAGACCTCGAGCTCCTACGAGCAGTACTTC	2.84526311857e-20	CASKSDKRETSSSYEQYF	6.0301368154e-15
TGTGCCTGGAGTGAATGGCAGGGAAGAATTACCTACGAGCAGTACTTC	3.87217610145e-16	CAWSEWQGRITYEQYF	6.86653310176e-14
TGTGCCAGCAGTTCGCCGGGGGGACGGAGGGGAGACAATGAGCAGTTCTTC	1.84648298773e-15	CASSSPGGRRGDNEQFF	9.35090187855e-11
TGCGCCAGCAGTTTCACTCTTAACGAGCAGTACTTC	1.4532051195e-12	CASSFTLNEQYF	1.34741723198e-08
TGTGCCAGCAGCTTATTCGGCCTACCCTGTTTCAATGAGCAGTTCTTC	3.71715997446e-16	CASSLFGLPCFNEQFF	4.15680773326e-13
TGTGCCAGCAGTTGGCAAGGAAGCAATCAGCCCCAGCATTTT	2.55914965562e-10	CASSWQGSNQPQHF	9.64045760595e-08
TGCAGTGCCCCGGGGGCAGGTTCCTACGAGCAGTACTTC	2.66864369853e-11	CSAPGAGSYEQYF	1.61050829072e-08
TGTGCCAGCAGCGTTCGACTCTATGGCTACACCTTC	1.0058198569e-09	CASSVRLYGYTF	7.52697473526e-08
TGTGCCAGCAGCTTAAAACAGGAACCCTACGAGCAGTACTTC	2.63802283576e-10	CASSLKQEPYEQYF	2.76146868951e-09
TGTGCCAGCTCATTTCGTACCAGCAGGAACTTAATAAGCAATCAGCCCCAGCATTTT	3.82410013699e-22	CASSFRTSRNLISNQPQHF	1.80754622904e-14
TGCGCCAGCAGCCGTCCCAAGAGCAATGAGCAGTTCTTC	3.85082207243e-12	CASSRPKSNEQFF	3.12618449076e-09
TGTGCCAGCAGTGACTTTAACAGGGTCTCGACCAAAAACATTCAGTACTTC	3.74400579796e-15	CASSDFNRVSTKNIQYF	3.5647877608e-13
TGCGCCAGCAGCCACCGGACAGGGGCTAGCAACACCGGGGAGCTGTTTTTT	2.62818842993e-13	CASSHRTGASNTGELFF	4.44998517426e-10
TGTGCCAGCAGACCATTTCCTACTTCACGGGCCCAGTACTTC	1.41775187793e-18	CASRPFPTSRAQYF	2.57215869174e-13
TGTGCCAGCAGGAGAAGGACTAGGAGGCAGTATTTT	2.54023787293e-13	CASRRRTRRQYF	1.47475386427e-10
TGTGCCAGCAGTGTCACGGGAGGGATTTGGATGGATGGCTACACCTTC	4.09327306611e-17	CASSVTGGIWMDGYTF	1.31892863056e-13
TGCAGTGCTAGAGAGGATCTAGAACATGAGCAGTTCTTC	1.15409088608e-12	CSAREDLEHEQFF	3.09525542378e-11
TGTGCCTATCCTGGGGTGAACACTGAAGCTTTCTTT	3.48237974227e-11	CAYPGVNTEAFF	3.10314386623e-09
TGCGCCAGCAGCAATAGGGGGAATGAAAAACTGTTTTTT	3.94720313763e-10	CASSNRGNEKLFF	1.82728373879e-07
TGTGCCAGACGAGCCGGGACAGACTATGGCTACACCTTC	1.57514516491e-11	CARRAGTDYGYTF	8.71237557585e-10
TGTGCCACCACACGCTCGGCCTACGAGCAGTACTTC	1.60584297679e-11	CATTRSAYEQYF	6.24720663096e-09
TGCAGTGCTGGCCCAAATCCCTTCCCGGGAGCGGACTTAGTGTACCAAGAGACCCAGTACTTC	1.07419603333e-25	CSAGPNPFPGADLVYQETQYF	2.13641993103e-20
TGTGCCAGCATAGGAGGGCCCCATGAAAAACTGTTTTTT	1.23348891433e-11	CASIGGPHEKLFF	1.59439475551e-09
TGCGCCAGCAGCCTCTCCACTAGCGGGAGCCCATCCAAGGCAGGGACTCACGGTACCTACGAGCAGTACTTC	2.50185887667e-28	CASSLSTSGSPSKAGTHGTYEQYF	9.65667861772e-21
TGTGCCAGCAGCCAAGATGGTCTAGCCAGTTCGTATGAGCAGTTCTTC	1.18309320577e-15	CASSQDGLASSYEQFF	1.66446808001e-11
TGTGCCAGCAGCGTAGGACGGAACACTGAAGCTTTCTTT	1.32465952353e-08	CASSVGRNTEAFF	3.63181637381e-07
TGCGCCAGCAGCTTGAAGCTTACAGGGGGGAGAGGGAGCACAGATACGCAGTATTTT	1.63338774099e-16	CASSLKLTGGRGSTDTQYF	7.70977871948e-12
TGTGCCATCAGTGAGCCAGGGACAGGGATCAGAATTGGAAACACCATATATTTT	1.50514649281e-16	CAISEPGTGIRIGNTIYF	9.88590139309e-14
TGCAGTGCTAGCACGCGGGAGTTGGGGCCCCGTTTTGGCTACACCTTC	7.51556445749e-19	CSASTRELGPRFGYTF	1.5850325348e-15
TGTGCCAGCAGCTCGGATTGGGACAGGGGGCTCTCGGCTGGGGCCAACGTCCTGACTTTC	4.31814396482e-16	CASSSDWDRGLSAGANVLTF	1.51311287098e-13
TGTGCCAGCAGCCAAGATGTTTTTACAGGGATTCTCAACGAGCAGTACTTC	2.50461228279e-16	CASSQDVFTGILNEQYF	1.27972784319e-13
TGTGCGGCCCCCGGGACAGGGACTTCGACCCAGTACTTC	6.47908308747e-15	CAAPGTGTSTQYF	2.21661382027e-12
TGTGCCAGCAGTTGTCGGGGCAGGGCGAGCATTGGAAACACCATATATTTT	1.15591470765e-16	CASSCRGRASIGNTIYF	1.37748876643e-12
TGTGCCAGCAGTTTATGGAGGGGGGTAGACTATGGCTACACCTTC	2.62546913075e-11	CASSLWRGVDYGYTF	8.37987087445e-10
TGTGCCAGCAGCGTATCCTTCGTTTGCCGACTAGCGGACCGTAATGAGCAGTTCTTC	1.04778297958e-20	CASSVSFVCRLADRNEQFF	6.278219566e-17
TGTGCCAGAGACGGGGGGCCCACCGGGGAGCTGTTTTTT	5.56348452291e-11	CARDGGPTGELFF	1.22282853483e-09
TGTGCCATCAGTGATATACGGGAGGGACGAGGGTACTTC	1.00337965343e-16	CAISDIREGRGYF	1.51502328851e-13
TGTGCCAGCAGTTACTCGCTCCGGGGATCCGGGATCTACGAGCAGTACTTC	6.01179717177e-15	CASSYSLRGSGIYEQYF	1.77963461527e-11
TGTGCCAGCAGGGAGTCCCTCTGTACTCAGCCCCAGCATTTT	1.1392067191e-14	CASRESLCTQPQHF	1.99658873607e-12
TGTGCCAGCAGGTTAGGGGTGGGCAACACTGAAGCTTTCTTT	1.04064137015e-11	CASRLGVGNTEAFF	1.06322442109e-08
TGTGCCACCAGTGATTGGAGGGTGCAGACCTACGAGCAGTACTTC	9.65685630976e-13	CATSDWRVQTYEQYF	2.50710049858e-11
TGTGCCAGCAGCCCAACTAGCGGGTTCTACAATGAGCAGTTCTTC	7.0381823043e-10	CASSPTSGFYNEQFF	2.43995953833e-08
TGTGCCAGCAGCTCCGCAGGGGACTCCTACGAGCAGTACTTC	1.84474984222e-09	CASSSAGDSYEQYF	6.98692445805e-08
TGTGCCAGCAGTGACTCGAAAGAATCCGGGACAGGTGGTTATATATATTTT	8.66168317485e-20	CASSDSKESGTGGYIYF	1.31505005847e-15
TGTGCCAGCAGTTACACCGGCAGGGGCTCTGGGGCCAACGTCCTGACTTTC	4.2001123281e-11	CASSYTGRGSGANVLTF	4.67009574593e-09
TGCGCCAGCAGCTTGGTCACAGGGGGGGCCGCTTTCTTT	3.46785072075e-12	CASSLVTGGAAFF	2.86091663869e-09
TGTGCCAGCTCTCGGGACAGGAAGTGTGGCTACACCTTC	5.75473575926e-13	CASSRDRKCGYTF	9.42356083566e-10
TGCGCCAGCAGTGATGGAGAATTAGTGAGCTCCTACGAGCAGTACTTC	7.53628037274e-15	CASSDGELVSSYEQYF	9.60039106606e-11
TGTGCCAGGACGGGCAGGTATGGCTACACCTTC	7.62910591699e-11	CARTGRYGYTF	8.32432334936e-08
TGTGCCAGCAGCGGTGTAAGGGGAAGAACTGAGCAGTTCTTC	1.69269963232e-14	CASSGVRGRTEQFF	1.68893335949e-10
TGTGCCAGCAGGAGGGCCTTCGAGGGGGGGCGGGAGCAGTATTTT	6.00593979635e-18	CASRRAFEGGREQYF	5.32476925266e-13
TGTGCCAGCAGCTCCAGTAAGAACTACGAGCAGTACTTC	1.24277524515e-10	CASSSSKNYEQYF	7.19185881015e-09
TGTGCCAGCAGTTACTCGATAGGACTAGAGCAGTACTTC	5.88911072068e-11	CASSYSIGLEQYF	3.11436081421e-09
TGCGCCAGCAGCCAATCTCGGGGACTAGGCTCTGGGGCCAACGTCCTGACTTTC	1.0320120104e-13	CASSQSRGLGSGANVLTF	4.65449620185e-10
TGTGCCAGCTGGCGGAACACCGGGGAGCTGTTTTTT	3.06675377419e-09	CASWRNTGELFF	1.56585319826e-08
TGTGCCAGCAGCCAAGATCTTACGGTTGCAGGTTATAGCAATCAGCCCCAGCATTTT	2.0033116865e-15	CASSQDLTVAGYSNQPQHF	1.13130312301e-11
TGCAGTGCTAGCCTCCGGGACAGGCCGACTAATGAAAAACTGTTTTTT	1.67949583349e-12	CSASLRDRPTNEKLFF	1.45177743475e-10
TGCAGGAACGGGCTGTGGGCCACCGGGGTTAGCAATCAGCCCCAGCATTTT	2.16568142366e-21	CRNGLWATGVSNQPQHF	2.8029954614e-17
TGTGCCAGCAACTTAATTGTAGGCTGGGGCAATCAGCCCCAGCATTTT	2.29278744514e-16	CASNLIVGWGNQPQHF	4.68230503044e-13
TGTGCCAGCAGTTTTACAGCGGGACTAGCGTACGAGCAGTACTTC	1.44746511921e-12	CASSFTAGLAYEQYF	1.43048552908e-09
TGTGCCAGCAGTTATATAATCAATGAGCAGTTCTTC	4.04642465911e-10	CASSYIINEQFF	7.20767541654e-09
TGTGCCAGCAGCCAAGATAGCCCTAGCGGGCGGGATGGGAGGCAGGATCGTGTAGGGTGCTACGAGCAGTACTTC	5.34573995032e-29	CASSQDSPSGRDGRQDRVGCYEQYF	2.6276565785e-22
